round,model,acc_mean,acc_std,prec_mean,rec_mean,f1_mean,f1_std,roc_mean,test_acc_mean,test_acc_std
CNN ronda 1,"CNN-B  BN [32,64]->256,128 dropout+wd",0.9206,0.002359525611454792,0.9205711361642743,0.9206,0.9199671613505348,0.002310629130015501,0.9954420733024693,0.91404,0.0022222511109233397
CNN ronda 1,"CNN-C  BN+LeakyReLU [32,64]->128",0.9131666666666668,0.005139039036845547,0.9140180859873729,0.9131666666666668,0.9132484754612149,0.005133636155723286,0.9945378302469136,0.90784,0.006055939233512819
CNN ronda 1,"CNN-A  baseline [8,16]->128",0.8961500000000001,0.006729495605995363,0.8965331741644386,0.8961499999999999,0.8956179707398866,0.006690919072116669,0.9926239791666667,0.8897599999999999,0.006608660983890758
