round,model,acc_mean,acc_std,prec_mean,rec_mean,f1_mean,f1_std,roc_mean
CNN ronda 2 (lr),"CNN-B  BN [32,64]->256,128 dropout+wd",0.9229666666666667,0.0032716161483618837,0.9225766866547774,0.9229666666666665,0.9225010705351492,0.003408550407043288,0.995509077160494
CNN ronda 2 (lr),"CNN-B  BN [32,64]->256,128 dropout+wd + lr=2e-3",0.9216666666666666,0.003243048120381685,0.9215201393796896,0.9216666666666666,0.9211386790686001,0.003296371600054985,0.9954874351851852
CNN ronda 2 (lr),"CNN-B  BN [32,64]->256,128 dropout+wd + lr=5e-4",0.9192833333333332,0.0038268060369509916,0.919463986728642,0.9192833333333332,0.9190393620517037,0.003934824270508697,0.9952277276234568
