round,model,acc_mean,acc_std,prec_mean,rec_mean,f1_mean,f1_std,roc_mean
CNN ronda 3 (dropout),"CNN-B  BN [32,64]->256,128 dropout+wd",0.9229666666666667,0.0032716161483618837,0.9225766866547774,0.9229666666666665,0.9225010705351492,0.003408550407043288,0.995509077160494
CNN ronda 3 (dropout),"CNN-B  BN [32,64]->256,128 dropout+wd + conv_drop=0.4",0.9203166666666667,0.0030717123346216597,0.9202283004022883,0.9203166666666667,0.9197960540925096,0.0031279900787059118,0.9954579189814815
CNN ronda 3 (dropout),"CNN-B  BN [32,64]->256,128 dropout+wd + conv_drop=0.1",0.91945,0.0014512925273699748,0.9201251815431766,0.91945,0.9194041868584953,0.0012499603732683484,0.9952888935185186
