round,model,acc_mean,acc_std,prec_mean,rec_mean,f1_mean,f1_std,roc_mean,test_acc_mean,test_acc_std
CNN ronda 3 (dropout),"CNN-B  BN [32,64]->256,128 dropout+wd + lr=2e-3 + conv_drop=0.1",0.9231499999999999,0.0027172289806590534,0.9231199369810706,0.92315,0.9227829845986404,0.0024986797996055642,0.9955401388888889,0.9153800000000001,0.0025214281667341023
CNN ronda 3 (dropout),"CNN-B  BN [32,64]->256,128 dropout+wd + lr=2e-3",0.9226166666666668,0.0021623354144175663,0.9224899418658566,0.9226166666666666,0.9220741795893559,0.002345341253451851,0.9955698549382717,0.9159,0.002272443618662532
CNN ronda 3 (dropout),"CNN-B  BN [32,64]->256,128 dropout+wd + lr=2e-3 + conv_drop=0.4",0.9207333333333333,0.002663670191463071,0.9207823532858324,0.9207333333333334,0.9201232230561779,0.002677851038116443,0.9954731705246914,0.9148799999999999,0.0036744523401453693
