round,model,acc_mean,acc_std,prec_mean,rec_mean,f1_mean,f1_std,roc_mean
CNN ronda 1,"CNN-B  BN [32,64]->256,128 dropout+wd",0.9229666666666667,0.0032716161483618837,0.9225766866547774,0.9229666666666665,0.9225010705351492,0.003408550407043288,0.995509077160494
CNN ronda 1,"CNN-C  BN+LeakyReLU [32,64]->128",0.9164666666666668,0.0021910487088251667,0.9170664770168788,0.9164666666666668,0.9163821452745038,0.0021137792390615888,0.9948808811728395
CNN ronda 1,"CNN-A  baseline [8,16]->128",0.8967666666666666,0.006986196708112668,0.8968623865334002,0.8967666666666666,0.8960850822647297,0.006762073455401409,0.9926703580246914
