round,model,acc_mean,acc_std,prec_mean,rec_mean,f1_mean,f1_std,roc_mean
CNN ronda 6 (optimizador),"CNN-B  BN [32,64]->256,128 dropout+wd",0.9229666666666667,0.0032716161483618837,0.9225766866547774,0.9229666666666665,0.9225010705351492,0.003408550407043288,0.995509077160494
CNN ronda 6 (optimizador),"CNN-B  BN [32,64]->256,128 dropout+wd + SGD+mom lr=1e-2",0.91525,0.0020147029006228,0.9153509972557743,0.91525,0.9146851257230233,0.0023547676298760283,0.9948670185185184
CNN ronda 6 (optimizador),"CNN-B  BN [32,64]->256,128 dropout+wd + RMSprop",0.9074499999999999,0.006193242284942515,0.909019724697733,0.9074499999999999,0.9067407187336652,0.006207131461886203,0.9941669544753088
