round,model,acc_mean,acc_std,prec_mean,rec_mean,f1_mean,f1_std,roc_mean,test_acc_mean,test_acc_std
CNN ronda 4 (capacidad),"CNN-B  BN [32,64]->256,128 dropout+wd + lr=2e-3 + conv_drop=0.1",0.9231499999999999,0.0027172289806590534,0.9231199369810706,0.92315,0.9227829845986404,0.0024986797996055642,0.9955401388888889,0.9153800000000001,0.0025214281667341023
CNN ronda 4 (capacidad),"CNN-B  BN [32,64]->256,128 dropout+wd + lr=2e-3 + conv_drop=0.1 + [64,128]",0.9227833333333333,0.002783008963134868,0.9231623475365126,0.9227833333333333,0.9224293115591113,0.00300910296067826,0.9955713040123457,0.91584,0.002349127497604163
CNN ronda 4 (capacidad),"CNN-B  BN [32,64]->256,128 dropout+wd + lr=2e-3 + conv_drop=0.1 + [16,32]",0.9172666666666667,0.0032900312392978,0.9171936764290125,0.9172666666666668,0.916582992277122,0.00352047538465205,0.9950240516975309,0.91028,0.0031808175049819767
