round,model,acc_mean,acc_std,prec_mean,rec_mean,f1_mean,f1_std,roc_mean,test_acc_mean,test_acc_std
CNN ronda 2 (lr),"CNN-B  BN [32,64]->256,128 dropout+wd + lr=2e-3",0.9226166666666668,0.0021623354144175663,0.9224899418658566,0.9226166666666666,0.9220741795893559,0.002345341253451851,0.9955698549382717,0.9159,0.002272443618662532
CNN ronda 2 (lr),"CNN-B  BN [32,64]->256,128 dropout+wd",0.9206,0.002359525611454792,0.9205711361642743,0.9206,0.9199671613505348,0.002310629130015501,0.9954420733024693,0.91404,0.0022222511109233397
CNN ronda 2 (lr),"CNN-B  BN [32,64]->256,128 dropout+wd + lr=5e-4",0.9199999999999999,0.003025355810111931,0.9196620316388412,0.9199999999999999,0.9192709806644921,0.0032237282882976465,0.9953417878086419,0.9131599999999999,0.00214904630010615
