round,model,acc_mean,acc_std,prec_mean,rec_mean,f1_mean,f1_std,roc_mean
CNN ronda 5 (weight_decay),"CNN-B  BN [32,64]->256,128 dropout+wd",0.9229666666666667,0.0032716161483618837,0.9225766866547774,0.9229666666666665,0.9225010705351492,0.003408550407043288,0.995509077160494
CNN ronda 5 (weight_decay),"CNN-B  BN [32,64]->256,128 dropout+wd + wd=0",0.9205666666666665,0.0020081431445215514,0.9206160896676348,0.9205666666666668,0.9199052754597778,0.0021350901219855563,0.9954575524691357
CNN ronda 5 (weight_decay),"CNN-B  BN [32,64]->256,128 dropout+wd + wd=5e-4",0.9191499999999999,0.001786717971900186,0.9192444615222735,0.9191499999999998,0.9185877720569392,0.001645327814784511,0.9953669205246912
