round,model,acc_mean,acc_std,prec_mean,rec_mean,f1_mean,f1_std,roc_mean
CNN ronda 4 (capacidad),"CNN-B  BN [32,64]->256,128 dropout+wd",0.9229666666666667,0.0032716161483618837,0.9225766866547774,0.9229666666666665,0.9225010705351492,0.003408550407043288,0.995509077160494
CNN ronda 4 (capacidad),"CNN-B  BN [32,64]->256,128 dropout+wd + [64,128]",0.9225666666666668,0.004612558340492209,0.9226391430588468,0.9225666666666668,0.9222062977364424,0.004593347987335708,0.9955764945987655
CNN ronda 4 (capacidad),"CNN-B  BN [32,64]->256,128 dropout+wd + [16,32]",0.91705,0.002678100487700618,0.9172211685610092,0.91705,0.9168244082886796,0.002508985052160914,0.9951611466049382
