round,model,acc_mean,acc_std,prec_mean,rec_mean,f1_mean,f1_std,roc_mean,test_acc_mean,test_acc_std
MLP ronda 1,"MLP-C  [512,256] GELU drop0.2 Adam+wd",0.8937833333333334,0.0027326472716234424,0.8941185816019723,0.8937833333333334,0.8931589959934948,0.0026882607169009982,0.9925666141975309,0.8849400000000001,0.00267626605553334
MLP ronda 1,"MLP-B  [512,256,128] ReLU drop0.3 Adam",0.8916833333333333,0.0028773541086676716,0.8916810920283422,0.8916833333333333,0.8911139809605941,0.0029007912335538423,0.9921070956790123,0.88216,0.0024800000000000013
MLP ronda 1,"MLP-A  [256,128] ReLU drop0.3 Adam",0.8909166666666668,0.00371698429136072,0.8910422840670918,0.8909166666666666,0.8902996384019577,0.0038645731847427624,0.9921927492283951,0.88382,0.0024571528239000547
