round,model,acc_mean,acc_std,prec_mean,rec_mean,f1_mean,f1_std,roc_mean,test_acc_mean,test_acc_std
MLP ronda 6 (optimizador),"MLP-C  [512,256] GELU drop0.2 Adam+wd + lr=5e-4 + drop=0.3 + wd=0",0.8969000000000001,0.0011879019787470254,0.8969454758860052,0.8969000000000001,0.8965781568044484,0.0012394266931577255,0.9926913603395062,0.8880800000000001,0.001994392137970889
MLP ronda 6 (optimizador),"MLP-C  [512,256] GELU drop0.2 Adam+wd + lr=5e-4 + drop=0.3 + wd=0 + RMSprop",0.8940166666666667,0.0035076305709441603,0.8943317440175858,0.8940166666666667,0.8934382481702929,0.0031307879377278428,0.9924530825617286,0.88468,0.0027257292602164127
MLP ronda 6 (optimizador),"MLP-C  [512,256] GELU drop0.2 Adam+wd + lr=5e-4 + drop=0.3 + wd=0 + SGD+mom lr=1e-2",0.8846666666666667,0.0025887040945015254,0.8842736184026156,0.8846666666666667,0.883796584074376,0.0026554975602263464,0.9913198117283951,0.8759399999999999,0.0015357083056361908
