round,model,acc_mean,acc_std,prec_mean,rec_mean,f1_mean,f1_std,roc_mean,test_acc_mean,test_acc_std
MLP ronda 2 (lr),"MLP-C  [512,256] GELU drop0.2 Adam+wd + lr=5e-4",0.89395,0.0033211234712234514,0.8940205048272828,0.8939499999999999,0.8935597191403873,0.0037409132157984522,0.9926252407407408,0.88642,0.0030109134826494027
MLP ronda 2 (lr),"MLP-C  [512,256] GELU drop0.2 Adam+wd",0.8937833333333334,0.0027326472716234424,0.8941185816019723,0.8937833333333334,0.8931589959934948,0.0026882607169009982,0.9925666141975309,0.8849400000000001,0.00267626605553334
MLP ronda 2 (lr),"MLP-C  [512,256] GELU drop0.2 Adam+wd + lr=2e-3",0.8905000000000001,0.003950210964830456,0.8906076654888306,0.8905,0.8896654412652569,0.004373565539884801,0.9922356967592594,0.8825000000000001,0.0037325594435989894
